{"cameraMode":{"drawMode":0,"name":"Shaded","section":"Shading Mode"},"sceneLighting":false,"audioPlay":false,"sceneViewState":{"showFog":true,"showMaterialUpdate":false,"showSkybox":false,"showFlares":true,"showImageEffects":true,"showParticleSystems":true},"in2DMode":false,"pivot":{"x":-0.2878686189651489,"y":0.9466444849967957,"z":0.26057371497154238},"rotation":{"x":0.41227757930755618,"y":0.5433261394500732,"z":-0.34820905327796938,"w":0.6431506276130676},"size":0.4330155849456787,"orthographic":false}