{"cameraMode":{"drawMode":0,"name":"Shaded","section":"Shading Mode"},"sceneLighting":false,"audioPlay":false,"sceneViewState":{"showFog":true,"showMaterialUpdate":false,"showSkybox":true,"showFlares":true,"showImageEffects":true,"showParticleSystems":true},"in2DMode":false,"pivot":{"x":-10.243332862854004,"y":18.897706985473634,"z":-1.4311078786849976},"rotation":{"x":-0.10872625559568405,"y":-0.4975341558456421,"z":0.06301890313625336,"w":-0.8583170771598816},"size":10.0,"orthographic":false}