{"cameraMode":{"drawMode":0,"name":"Shaded","section":"Shading Mode"},"sceneLighting":false,"audioPlay":false,"sceneViewState":{"showFog":true,"showMaterialUpdate":false,"showSkybox":true,"showFlares":true,"showImageEffects":true,"showParticleSystems":true},"in2DMode":false,"pivot":{"x":5.556258678436279,"y":4.221065044403076,"z":0.6240970492362976},"rotation":{"x":-0.19069750607013703,"y":-0.21084296703338624,"z":0.041919004172086719,"w":-0.9578931927680969},"size":4.807394981384277,"orthographic":false}