{"cameraMode":{"drawMode":0,"name":"Shaded","section":"Shading Mode"},"sceneLighting":false,"audioPlay":false,"sceneViewState":{"showFog":true,"showMaterialUpdate":false,"showSkybox":false,"showFlares":true,"showImageEffects":true,"showParticleSystems":true},"in2DMode":false,"pivot":{"x":0.32679876685142519,"y":0.1052703857421875,"z":-0.7718580365180969},"rotation":{"x":-0.16273438930511475,"y":-0.7117347717285156,"z":0.17527689039707185,"w":-0.6605789661407471},"size":0.7498499751091003,"orthographic":false}