{"cameraMode":{"drawMode":0,"name":"Shaded","section":"Shading Mode"},"sceneLighting":false,"audioPlay":false,"sceneViewState":{"showFog":true,"showMaterialUpdate":false,"showSkybox":true,"showFlares":true,"showImageEffects":true,"showParticleSystems":true},"in2DMode":false,"pivot":{"x":-1.7685106992721558,"y":1.751110553741455,"z":-2.117460012435913},"rotation":{"x":-0.22171767055988313,"y":-0.38956716656684878,"z":0.09720367193222046,"w":-0.8886992335319519},"size":0.6123725771903992,"orthographic":false}